Query	Tweet	Username	Date	Hashtags	Likes	Retweets	Url
Biden won elections
	Yes sir, Mister President-elect Biden üòä	erkalyn12492	Sun Dec 06 15:15:43 +0000 2020	[]	0	0	https://twitter.com/erkalyn12492/status/1335603836837376006
	"@leemeade77 @JCrongeyer @DeanObeidallah As I have said, Biden and the Corporate wing of the Democratic Party better understand the reality of the Election 4 weeks ago. 

Without COVID-19, Democrats would have lost this election. 

...and they believe Biden's election was a massive win, for their approach to politics."	bceyre22	Sun Dec 06 14:26:18 +0000 2020	[]	0	0	https://twitter.com/bceyre22/status/1335591400188964865
	President-elect Biden urges congress, Trump to pass COVID-19 relief https://t.co/XCzD8ZQW7H  PUT BIDEN in PRISON for TREASON !!!	j_reigard	Sun Dec 06 14:19:43 +0000 2020	[]	0	0	https://twitter.com/j_reigard/status/1335589745049657348
	Wheres Biden..... ü§£ü§£ü§£	shirleydebeer	Sun Dec 06 15:31:14 +0000 2020	[]	0	0	https://twitter.com/shirleydebeer/status/1335607742820659202
	How about they tell Biden what it is then...	StuYeWest1	Sun Dec 06 14:16:56 +0000 2020	[]	0	0	https://twitter.com/StuYeWest1/status/1335589042503684098
	@MollyJongFast On January 21 the GOP will be saying this is the Biden pandemic, the Biden deficit and the Biden bothched vaccine rollout.	haft_larry	Sun Dec 06 14:10:24 +0000 2020	[]	0	0	https://twitter.com/haft_larry/status/1335587399284518912
	Does this apply to Biden?	PracticalRebel	Sun Dec 06 12:38:07 +0000 2020	[]	0	0	https://twitter.com/PracticalRebel/status/1335564172826980353
	"YOUR DAILY REMINDER:

China released covid intentionally with the approval of the globalist cabal (soros, gates, biden) etc.....

Then they interfered with our elections to get Joey Bribes Biden elected.

Fuck China"	BenStaples79	Sun Dec 06 14:31:02 +0000 2020	[]	0	0	https://twitter.com/BenStaples79/status/1335592589202878467
	But they elected this person and will probably elect them again	gingermalcolm	Sun Dec 06 13:42:02 +0000 2020	[]	0	0	https://twitter.com/gingermalcolm/status/1335580261032075264
	Why did congress send a letter to Biden shortly after the election to tell him he wasn't the president elect? Maybe you should check your sources? I don't recommend your friends at CNN. üòÇü§£üòÇ	KAS63813884	Sun Dec 06 14:38:21 +0000 2020	[]	0	0	https://twitter.com/KAS63813884/status/1335594433958514690
	Yup... Suzy wins... and Pres-elect Biden didn't cheat huh?	marie342912	Sun Dec 06 12:44:10 +0000 2020	[]	0	0	https://twitter.com/marie342912/status/1335565698203004931
	@TeamTrump @realDonaldTrump Who's we? You just LOST the ELECTION. We're moving forward to a leader for America's, Joe Biden. The tRUMP VIRUS will be gone once Biden effectively distributes the vaccine!!! https://t.co/5i2ZM13HTV	alnino10000	Sun Dec 06 14:34:41 +0000 2020	[]	0	0	https://twitter.com/alnino10000/status/1335593510926430208
	@realDonaldTrump If the 2 GOP Senators are elected, President Biden won't be able to make the changes he was elected to do. Instead, we'll get more of the same: pandemic and economic crisis denial.	RobertRDukes2	Sun Dec 06 14:41:35 +0000 2020	[]	0	0	https://twitter.com/RobertRDukes2/status/1335595244113588224
	"Electoral College hasn't yet elected Biden as President-Elect.
Even if he looses 2020, there is a very high chance that he will make a comeback in 2024.
Think twice before what you say !!"	proudswamybhakt	Sun Dec 06 12:02:33 +0000 2020	[]	0	0	https://twitter.com/proudswamybhakt/status/1335555222345711618
	No. Biden should not mention Trump for any reason. Biden should look forward, not back.  https://t.co/rUvRStdPSb	FedUpGOPer	Sun Dec 06 14:13:28 +0000 2020	[]	0	0	https://twitter.com/FedUpGOPer/status/1335588168431775750
	@KamalaHarris @JoeBiden Joe Biden will not be president you will not be vice. We know the election was rigged Trump will win he has to for our country and the people in it. You and Biden will destroy what is left after covid we wont let you.	jesseedwardsmit	Sun Dec 06 15:09:12 +0000 2020	[]	0	0	https://twitter.com/jesseedwardsmit/status/1335602194339557381
	.@GovMikeHuckabee weighs in on the coverage of Trump, Joe Biden, the election and the coronavirus, and @JessicaTarlov analyzes the media‚Äôs treatment of Biden, his Cabinet picks and his new press secretary #Mediabuzz	MediaBuzzFNC	Sun Dec 06 12:34:31 +0000 2020	[]	0	0	https://twitter.com/MediaBuzzFNC/status/1335563266773438464
	.@GovMikeHuckabee weighs in on the coverage of Trump, Joe Biden, the election and the coronavirus, and @JessicaTarlov analyzes the media‚Äôs treatment of Biden, his Cabinet picks and his new press secretary #Mediabuzz	HowardKurtz	Sun Dec 06 12:34:23 +0000 2020	[]	0	0	https://twitter.com/HowardKurtz/status/1335563235609743360
	President-elect Biden doesn‚Äôt expect a large crowd at inauguration due to pandemic https://t.co/TYsIlkgaGn	25NewsKXXV	Sun Dec 06 13:20:00 +0000 2020	[]	0	0	https://twitter.com/25NewsKXXV/status/1335574716845854723
	President-elect Biden doesn‚Äôt expect a large crowd at inauguration due to pandemic https://t.co/NJK7sbHhb9 https://t.co/XUIXW9REQs	PIX11News	Sun Dec 06 12:25:40 +0000 2020	[]	0	0	https://twitter.com/PIX11News/status/1335561039589543937
	
When lockdown ends
	End the lockdowns NOW!	colann77	Sun Dec 06 13:03:14 +0000 2020	[]	0	0	https://twitter.com/colann77/status/1335570497598271489
	@SeoirseDuffy_ Has lockdown ended? üò®	TomGuytonDay	Sun Dec 06 14:28:14 +0000 2020	[]	0	0	https://twitter.com/TomGuytonDay/status/1335591887932108801
	"When will this lockdown end?
#ImranAshraf"	FangirlOfImran1	Sun Dec 06 13:43:45 +0000 2020	['ImranAshraf']	0	0	https://twitter.com/FangirlOfImran1/status/1335580693431267330
	End the Mask = End the Pandemic	SaysOrm	Sun Dec 06 13:37:27 +0000 2020	[]	0	0	https://twitter.com/SaysOrm/status/1335579104779890691
	This pandemic gotta end before i end myself	junepontianak_	Sun Dec 06 12:24:33 +0000 2020	[]	0	0	https://twitter.com/junepontianak_/status/1335560760815042562
	@Theseus2323 @SubjectAccesss @metpoliceuk The ban on protesting ended when the lockdown ended.	juliediane	Sun Dec 06 14:03:05 +0000 2020	[]	0	0	https://twitter.com/juliediane/status/1335585555908845573
	@Wayne57072607 @SubjectAccesss @4ourdogs The ban on protests ended when the lockdown ended.	juliediane	Sun Dec 06 14:01:46 +0000 2020	[]	0	0	https://twitter.com/juliediane/status/1335585227511652353
	The lockdown ended. England is bustling again.	YangZhou1993	Sun Dec 06 15:02:51 +0000 2020	[]	0	0	https://twitter.com/YangZhou1993/status/1335600596028690433
	Can this lockdown end already I'm so bored https://t.co/8YmgueM5DX	yourboyyjames	Sun Dec 06 14:31:28 +0000 2020	[]	0	0	https://twitter.com/yourboyyjames/status/1335592699538399233
	Did the mandate for masks end with lockdown?	pickledpuffin	Sun Dec 06 12:36:19 +0000 2020	[]	0	0	https://twitter.com/pickledpuffin/status/1335563721859620864
	lockdown just ended and i see this? bet https://t.co/Kr4fbaRMM1	ryandeIaney	Sun Dec 06 12:31:11 +0000 2020	[]	0	0	https://twitter.com/ryandeIaney/status/1335562429409996808
	"If we don't end the pandemic with a vaccine, how do we end it?
1 Stay in lockdown until it goes away
2 End lockdown &amp; let it rip without a vaccine
3 Covid does not exist??
4 Please suggest
https://t.co/qHpBmqj9Ua https://t.co/Pe9UABiEZU"	Effiedeans	Sun Dec 06 12:57:34 +0000 2020	[]	0	0	https://twitter.com/Effiedeans/status/1335569069630758918
	pandemic has not ended!	cubeghost	Sun Dec 06 15:34:06 +0000 2020	[]	0	0	https://twitter.com/cubeghost/status/1335608460415815680
	Tool, end of.	bajankris	Sun Dec 06 15:23:40 +0000 2020	[]	0	0	https://twitter.com/bajankris/status/1335605835528101894
	When will this madness end?!	teaandflowers	Sun Dec 06 15:19:21 +0000 2020	[]	0	0	https://twitter.com/teaandflowers/status/1335604748939112448
	The end of covid	endrio_muniz	Sun Dec 06 15:17:26 +0000 2020	[]	0	0	https://twitter.com/endrio_muniz/status/1335604266699010048
	Ends tonight!	1999flyboy	Sun Dec 06 15:15:06 +0000 2020	[]	0	0	https://twitter.com/1999flyboy/status/1335603681337761794
	THEY ENDED THE PANDEMIC	taetaenu1524	Sun Dec 06 14:59:19 +0000 2020	[]	0	0	https://twitter.com/taetaenu1524/status/1335599709260455937
	Ended the pandemic üòç	Kingkrishie	Sun Dec 06 14:56:02 +0000 2020	[]	0	0	https://twitter.com/Kingkrishie/status/1335598880637943810
	Incompetent to the end.	freeloosedirt	Sun Dec 06 14:52:50 +0000 2020	[]	0	0	https://twitter.com/freeloosedirt/status/1335598076765990915
	
Trump has covid
	So it is Trump.	survivorostorms	Sun Dec 06 14:37:57 +0000 2020	[]	0	0	https://twitter.com/survivorostorms/status/1335594332057964546
	Trump 2020 https://t.co/Y2P3ppqR9g	UpholsteryElite	Sun Dec 06 12:13:21 +0000 2020	[]	0	0	https://twitter.com/UpholsteryElite/status/1335557940401541121
	üá∫üá∏trump	TrumpmanFc	Sun Dec 06 12:02:27 +0000 2020	[]	0	0	https://twitter.com/TrumpmanFc/status/1335555199889358851
	üá∫üá∏trump	TrumpmanFc	Sun Dec 06 12:02:16 +0000 2020	[]	0	0	https://twitter.com/TrumpmanFc/status/1335555153156399106
	üá∫üá∏trump	TrumpmanFc	Sun Dec 06 12:02:05 +0000 2020	[]	0	0	https://twitter.com/TrumpmanFc/status/1335555107937607682
	It‚Äôs the Trump virus but NOT the Trump vaccine.	mmattare1	Sun Dec 06 14:17:05 +0000 2020	[]	0	0	https://twitter.com/mmattare1/status/1335589079048663043
	"@BCOOL333 Because Trump.

If Trump had been all-in on COVID from the beginning, they would have been too."	GBloodyWilliams	Sun Dec 06 12:57:50 +0000 2020	[]	0	0	https://twitter.com/GBloodyWilliams/status/1335569137104543748
	"@realDonaldTrump TRUMP IS A LOSER AS A PERSON
TRUMP SHOULD BE INDICTED FOR SEDITION 
TRUMP VOWED TO UPHOLD THE CONSTITUTION 
ANOTHER BIBLE PHOTO OP WITH HAND ON BIBLE
TRUMP IS A DEMON
TRUMP DOWNGRADES OUR DEMOCRACY
SO INEPT 280,000 COVID-19 DEATHS ON HIS WATCH"	lunf_philip	Sun Dec 06 15:12:12 +0000 2020	[]	0	0	https://twitter.com/lunf_philip/status/1335602952996843523
	This is what Trump has done üëáüèøüëáüèø	GlennVotesBlue	Sun Dec 06 15:49:39 +0000 2020	[]	0	0	https://twitter.com/GlennVotesBlue/status/1335612377539239938
	The Narcissist #Trump	ArmstrongM	Sun Dec 06 15:32:31 +0000 2020	['Trump']	0	0	https://twitter.com/ArmstrongM/status/1335608061906591744
	Fuck trump	SabrosoMadre	Sun Dec 06 15:25:42 +0000 2020	[]	0	0	https://twitter.com/SabrosoMadre/status/1335606350202589185
	Trump should be following this.	MarciaG06680299	Sun Dec 06 15:17:15 +0000 2020	[]	0	0	https://twitter.com/MarciaG06680299/status/1335604222658752514
	FAILURE of #Trump üëáüëáüëáüëá	InconvenientTr5	Sun Dec 06 15:15:32 +0000 2020	['Trump']	0	0	https://twitter.com/InconvenientTr5/status/1335603790448381953
	If only..... Trump is such a failure!	jiksand_kelly	Sun Dec 06 15:12:43 +0000 2020	[]	0	0	https://twitter.com/jiksand_kelly/status/1335603080696573955
	Trump's virus. Trump is killing us. It was a hoax.	AAFoxy1	Sun Dec 06 15:08:42 +0000 2020	[]	0	0	https://twitter.com/AAFoxy1/status/1335602070217482245
	The Trump Vaccine???????	KenefickTrish	Sun Dec 06 14:57:20 +0000 2020	[]	0	0	https://twitter.com/KenefickTrish/status/1335599208296935429
	But it‚Äôs Trump‚Äôs fault	UncleHotep	Sun Dec 06 14:42:23 +0000 2020	[]	0	0	https://twitter.com/UncleHotep/status/1335595446295814145
	"But...but...but it's the ""tRuMp vAcCiNe"" üôÑ"	BrandiLynn4Ever	Sun Dec 06 14:34:21 +0000 2020	[]	0	0	https://twitter.com/BrandiLynn4Ever/status/1335593427250114560
	The Trump Plan!	CindyKe49173944	Sun Dec 06 14:25:11 +0000 2020	[]	0	0	https://twitter.com/CindyKe49173944/status/1335591117904089096
	That's trump's mo	KathyCorley14	Sun Dec 06 14:11:03 +0000 2020	[]	0	0	https://twitter.com/KathyCorley14/status/1335587563713781762
	
Covid is infectious
	Just because the PCR is positive does not mean you are infectious.  1,000 being held in Quarantine who are NOT infectious.  https://t.co/gQQzZbPCji	picturelady1959	Sun Dec 06 13:52:14 +0000 2020	[]	0	0	https://twitter.com/picturelady1959/status/1335582826767536129
	Viral cultures for COVID-19 infectious potential assessment ‚Äì a systematic review | Clinical Infectious Diseases | Oxford Academic.   ‚Äî‚Äî‚Äîpcr test ‚ò†Ô∏è  https://t.co/knoxAqapEs	IndivisibleUnit	Sun Dec 06 13:45:56 +0000 2020	[]	0	0	https://twitter.com/IndivisibleUnit/status/1335581239546433537
	"Excellent on article on when people with Covid are most infectious. 

https://t.co/WpE4jIkIV4"	4144Adams	Sun Dec 06 14:40:22 +0000 2020	[]	0	0	https://twitter.com/4144Adams/status/1335594940416602120
	@carolmswain  They are holding people in Quarantine who are not infectious.  https://t.co/gQQzZbPCji	picturelady1959	Sun Dec 06 13:43:24 +0000 2020	[]	0	0	https://twitter.com/picturelady1959/status/1335580604319096832
	@andrewbostom So they are holding people in quarantine who are not infectious.	picturelady1959	Sun Dec 06 13:41:51 +0000 2020	[]	0	0	https://twitter.com/picturelady1959/status/1335580213737123842
	@andrewbostom So they are holding people in quarantine who are no infectious.	picturelady1959	Sun Dec 06 13:41:05 +0000 2020	[]	0	0	https://twitter.com/picturelady1959/status/1335580019557609474
	I'm an Infectious Disease Doctor and Would Never Touch This | Eat This Not That https://t.co/jQjEQbq4hz	criteria681	Sun Dec 06 15:09:19 +0000 2020	[]	0	0	https://twitter.com/criteria681/status/1335602227558424580
	Good nutrition is essential for vaccine uptake, but also for protecting against every disease - infectious and non-infectious, from diarrhoea and pneumonia to heart disease and dementia. The importance of good nutrition is so overlooked. #fundnutrition	kerriwazny	Sun Dec 06 13:14:18 +0000 2020	[]	0	0	https://twitter.com/kerriwazny/status/1335573279000686593
	.@EVMSedu infectious disease expert weighs in on COVID-19 vaccine recommendation https://t.co/3DyGMBE8qc https://t.co/35FnNmnSri	WTKR3	Sun Dec 06 13:15:07 +0000 2020	[]	0	0	https://twitter.com/WTKR3/status/1335573486048251904
	Bottom line: threshold between positive and negative covid PCR too low. Too many false positives. looking at infectious level of virus not partial virus remnants. CDC vs WHO different thresholds. Which is right for infectious?	kit_myster	Sun Dec 06 14:45:28 +0000 2020	[]	0	0	https://twitter.com/kit_myster/status/1335596221843517442
	@InfinityLight33 @Toniparilla @thebradfordfile @tweetguy_33_ Haha. Thanks for proving your ignorance. I work in the industry. PCR tests have less than a 5% false positive rate. The current CFR is between 2.7-3%. The CDC just announced the pandemic is in a highly infectious state. The virus itself was never downgraded from highly infectious	Tbretthauer	Sun Dec 06 14:49:12 +0000 2020	[]	0	0	https://twitter.com/Tbretthauer/status/1335597162386878468
	"I m afraid this is a fairly common situation
If u got covid from him then you r now past the 14d period and would not b infectious by now.
Yr results even if +ve is not real-time
Clinically u r past infectious
No further quarantine required
Not much thinking in this case https://t.co/P13JSMWyU9"	drmusanordin	Sun Dec 06 13:36:02 +0000 2020	[]	0	0	https://twitter.com/drmusanordin/status/1335578749782294528
	UV Light on Airplanes Could Prevent Spread of Coronavirus and Other Infectious Diseases https://t.co/1SiZQXSqDJ	fvo69622073	Sun Dec 06 14:26:50 +0000 2020	[]	0	0	https://twitter.com/fvo69622073/status/1335591533752545283
	@TheOtherVCruz @SIDE8008 @matteo361 @Stephania_ESPN There is zero evidence ‚Äúasymptomatic‚Äù are infectious.	CaptJamesee	Sun Dec 06 13:34:16 +0000 2020	[]	0	0	https://twitter.com/CaptJamesee/status/1335578305299361795
	"I‚Äôm no expert but studied the history of public health &amp; infectious disease, &amp; identify strongly w/ the described adrenaline giving way to fatigue &amp; disappointment. Can‚Äôt imagine being in their position.
-
Infectious disease experts face disillusionment https://t.co/KlM09enm3D"	RuthElizabeth	Sun Dec 06 14:11:26 +0000 2020	[]	0	0	https://twitter.com/RuthElizabeth/status/1335587659125764096
	@kaitlancollins Azar is a nobody. An orthopedic put in charge of the COVID infectious disease team.	annceline	Sun Dec 06 15:05:42 +0000 2020	[]	0	0	https://twitter.com/annceline/status/1335601314387124232
	@EndUKLockdown1 @roospooscreate She is uneducated on infectious diseases, mixing up covid with Typhoid Mary and STDs.	Gwenmommabear	Sun Dec 06 13:45:49 +0000 2020	[]	0	0	https://twitter.com/Gwenmommabear/status/1335581211423551490
	@GermeidGimborn @apsmunro @FischerKurt @CO_Infectious_D @DrZoeHyde Just look up the experts in Australia and Nope... only TwitterExpert. https://t.co/mh3EfZI91E	FussballFalk	Sun Dec 06 14:56:27 +0000 2020	[]	0	0	https://twitter.com/FussballFalk/status/1335598989148905478
	‚ÄòMakes you ask why the hell we even bother.‚Äô Infectious disease experts face disillusionment as COVID-19 pandemic ‚Ä¶ https://t.co/4l0utqfBv9	Annntst	Sun Dec 06 15:33:25 +0000 2020	[]	0	0	https://twitter.com/Annntst/status/1335608291305676800
	‚ÄòMakes you ask why the hell we even bother.‚Äô Infectious disease experts face disillusionment as COVID-19 pandemic ‚Ä¶ https://t.co/WMZVk3Yevo	Mariopsax	Sun Dec 06 14:16:08 +0000 2020	[]	0	0	https://twitter.com/Mariopsax/status/1335588843530162176
	
People get infected daily
	Daily	MR_STiXX	Sun Dec 06 15:09:52 +0000 2020	[]	0	0	https://twitter.com/MR_STiXX/status/1335602363558752256
	And America just doing this on a daily üòí	keyFANCY_	Sun Dec 06 14:21:36 +0000 2020	[]	0	0	https://twitter.com/keyFANCY_/status/1335590216422338563
	"#CoronaVirusUpdates 

Prediction: 3,700 daily infections within a week

Israel's #coronavirus Cabinet says it expects upwards of 3,700 new daily infections within a week of today."	ArutzSheva_En	Sun Dec 06 15:15:15 +0000 2020	['CoronaVirusUpdates', 'coronavirus']	0	0	https://twitter.com/ArutzSheva_En/status/1335603718486683651
	The spokeswoman for #Iran's Ministry of Health announced on Sunday in her daily presser that 1,040,547 people in the country have been infected with the #coronavirus, and 730,798 of the total infected people recovered https://t.co/kp83t7WEHJ https://t.co/8ZqmVB8UGX	iranpress_news	Sun Dec 06 12:58:29 +0000 2020	['Iran']	0	0	https://twitter.com/iranpress_news/status/1335569299973562369
	Dropping her new song Monday if the UK gets 100,000 new daily infections.	WrittenByDavid	Sun Dec 06 12:48:25 +0000 2020	[]	0	0	https://twitter.com/WrittenByDavid/status/1335566765628289024
	What are the daily COVID-19 cases in your town? In Paterson, we are over 300 new cases daily.	zellieimani	Sun Dec 06 15:00:29 +0000 2020	[]	0	0	https://twitter.com/zellieimani/status/1335600002161373184
	Oi Daily mail............ https://t.co/BEmiShCVSo	stewtgriffiths	Sun Dec 06 14:37:58 +0000 2020	[]	0	0	https://twitter.com/stewtgriffiths/status/1335594334234742785
	Take Vitamin D daily	_PatriotV	Sun Dec 06 14:20:34 +0000 2020	[]	0	0	https://twitter.com/_PatriotV/status/1335589958338441220
	"@MollyJongFast https://t.co/BL2EsA0WGz

A daily tracker."	jim_pennington	Sun Dec 06 13:39:22 +0000 2020	[]	0	0	https://twitter.com/jim_pennington/status/1335579587737235462
	OUR DAILY GROUNDHOG LECTURE!!	LitvakSteve	Sun Dec 06 13:14:25 +0000 2020	[]	0	0	https://twitter.com/LitvakSteve/status/1335573309803569152
	COVID DAILY UPDATE https://t.co/VJPCQNQe8U	RubyAnn36923787	Sun Dec 06 12:52:48 +0000 2020	[]	0	0	https://twitter.com/RubyAnn36923787/status/1335567869640314881
	#BANGTAN quarantine daily https://t.co/vwheom5yOf	87FLDER	Sun Dec 06 12:27:57 +0000 2020	['BANGTAN']	0	0	https://twitter.com/87FLDER/status/1335561616495157248
	Coronavirus: UK recording more daily cases per capita than the US | Daily Mail Online https://t.co/mYtrSwV2SG	MoleyJan	Sun Dec 06 15:10:59 +0000 2020	[]	0	0	https://twitter.com/MoleyJan/status/1335602646368055298
	@Transition46 Get through your daily battle with this Pandemic ‚ô•Ô∏è‚ô•Ô∏è‚ô•Ô∏è‚ô•Ô∏èüò∑üò∑üò¢üôèüôèüôè	skb621	Sun Dec 06 12:05:36 +0000 2020	[]	0	0	https://twitter.com/skb621/status/1335555992499740674
	Saudi Arabia Reports Less than 200 Daily Covid Infections for First Time in 8 Months https://t.co/nuwRxgC4QW	newsperplexed	Sun Dec 06 15:27:26 +0000 2020	[]	0	0	https://twitter.com/newsperplexed/status/1335606785693147137
	Covid-19 infects Daily Monitor photojournalist who has been covering FDC‚Äôs Amuriat as cases rise to 22,188 https://t.co/6aeOodF3VY	mubuuke	Sun Dec 06 15:26:02 +0000 2020	[]	0	0	https://twitter.com/mubuuke/status/1335606432738250752
	A pandemic in history: America was infected with Polio in 1916 infecting 27,000, killing 6000, and permanently disabling many who were infected.	HistoryPandemic	Sun Dec 06 14:26:37 +0000 2020	[]	0	0	https://twitter.com/HistoryPandemic/status/1335591480891727872
	The fact we had a complete shutdown back in April because of #COVID at daily infections around 400, and now are at more than 1900 a day w/ no real lockdown are very troubling in #COVIDOntario. New daily record today... üò• #ONPoli #TOPoli #CdnPoli #COVIDAlert #Ontario #Coronavirus	airtotherun	Sun Dec 06 15:15:56 +0000 2020	['COVID']	0	0	https://twitter.com/airtotherun/status/1335603890448953344
	Covid-19 infects Daily Monitor photojournalist who has been covering FDC‚Äôs Amuriat as cases rise to 22,188 https://t.co/mmdP0cCDK1 #StreetUpdates	StreetJournalUg	Sun Dec 06 13:57:47 +0000 2020	[]	0	0	https://twitter.com/StreetJournalUg/status/1335584225517580288
	Animals rule the streets during weekend COVID-19 lockdown in Turkey | Daily Sabah - Daily Sabah https://t.co/tliTmSdRyz	AnimalsWorld2	Sun Dec 06 13:21:32 +0000 2020	[]	0	0	https://twitter.com/AnimalsWorld2/status/1335575099114618880
	
When will the vaccine be ready
	I‚Äôll be ready when it is	suesalz1	Sun Dec 06 15:33:33 +0000 2020	[]	0	0	https://twitter.com/suesalz1/status/1335608324570685441
	We are ready for you üíÉüèæüíÉüèæüíÉüèæüíÉüèæüíÉüèæüíÉüèæüíÉüèæ	Qwiyn_G	Sun Dec 06 13:12:57 +0000 2020	[]	0	0	https://twitter.com/Qwiyn_G/status/1335572940251942913
	Who is ready 4 the VACCINE? https://t.co/zags3bJq32	Laurhenda2	Sun Dec 06 15:30:23 +0000 2020	[]	0	0	https://twitter.com/Laurhenda2/status/1335607526860218368
	The vaccine is ready, are you? https://t.co/hL2Dq1xm44	racheeley	Sun Dec 06 14:14:31 +0000 2020	[]	0	0	https://twitter.com/racheeley/status/1335588435512471553
	I'm not ready for a #vaccine üò≠	Makoto_1960	Sun Dec 06 12:51:58 +0000 2020	['vaccine']	0	0	https://twitter.com/Makoto_1960/status/1335567660596277249
	I'm so ready for this pls	villaruelmchll	Sun Dec 06 15:13:07 +0000 2020	[]	0	0	https://twitter.com/villaruelmchll/status/1335603180017598464
	Are you Ready Capten...	kakapampam	Sun Dec 06 14:42:41 +0000 2020	[]	0	0	https://twitter.com/kakapampam/status/1335595523785465856
	Getting ready..	QueenofCr8tvty	Sun Dec 06 12:11:36 +0000 2020	[]	0	0	https://twitter.com/QueenofCr8tvty/status/1335557501899706369
	i am ready to not be in quarantine anymore	lego33099460	Sun Dec 06 15:13:04 +0000 2020	[]	0	0	https://twitter.com/lego33099460/status/1335603168386965510
	Yeah I‚Äôm ready to move	HaydonPilat	Sun Dec 06 13:42:50 +0000 2020	[]	0	0	https://twitter.com/HaydonPilat/status/1335580460676734976
	Karmys be ready to cheer	I_M_Anpanman	Sun Dec 06 13:05:41 +0000 2020	[]	0	0	https://twitter.com/I_M_Anpanman/status/1335571112982323202
	Covig 19 follow to 2021, Vaccine is ready	Bongcrist88	Sun Dec 06 15:25:14 +0000 2020	[]	0	0	https://twitter.com/Bongcrist88/status/1335606230920749056
	"Okay, we are ready!

Who is first up for the vaccine?"	JoeBidenTweeted	Sun Dec 06 12:10:00 +0000 2020	[]	0	0	https://twitter.com/JoeBidenTweeted/status/1335557097774309376
	Masked and ready to combat Covid-19 https://t.co/AK1sNGPDbw	DcCosmos	Sun Dec 06 15:26:01 +0000 2020	[]	0	0	https://twitter.com/DcCosmos/status/1335606429013606400
	I hope #ckerberg  is ready for prison.	BennDoverr4me	Sun Dec 06 15:24:04 +0000 2020	['ckerberg']	0	0	https://twitter.com/BennDoverr4me/status/1335605938137440257
	I am literally ready to leave America	_thatsmena	Sun Dec 06 15:24:03 +0000 2020	[]	0	0	https://twitter.com/_thatsmena/status/1335605933196652544
	.... I‚Äôm ready to relocate to a different country now.	dejaalashaee	Sun Dec 06 14:57:45 +0000 2020	[]	0	0	https://twitter.com/dejaalashaee/status/1335599315578851331
	Y‚Äôall not ready for post-covid Pogba	quinn_utd	Sun Dec 06 14:37:59 +0000 2020	[]	0	0	https://twitter.com/quinn_utd/status/1335594339586748417
	Ok india get ready	navin301	Sun Dec 06 14:25:27 +0000 2020	[]	0	0	https://twitter.com/navin301/status/1335591184144629771
	Get ready. @FatEmperor @ProfTimNoakes	ii1111	Sun Dec 06 13:23:09 +0000 2020	[]	0	0	https://twitter.com/ii1111/status/1335575506079637505
	
Covid19 isn‚Äôt bad
	WE BAD!	10Szn18	Sun Dec 06 15:30:39 +0000 2020	[]	0	0	https://twitter.com/10Szn18/status/1335607594006798338
	This is bad	charles_cwood	Sun Dec 06 15:14:03 +0000 2020	[]	0	0	https://twitter.com/charles_cwood/status/1335603418065477632
	"This is bad 

https://t.co/xkrWQDkPwo"	PJRyan89	Sun Dec 06 12:51:33 +0000 2020	[]	0	0	https://twitter.com/PJRyan89/status/1335567557131112453
	"281,960 
It didn‚Äôt have to be this bad #COVID https://t.co/jEi1zwBBzG"	JustJoeyLopez	Sun Dec 06 15:26:40 +0000 2020	['COVID']	0	0	https://twitter.com/JustJoeyLopez/status/1335606593384230919
	We really are bad at this...	Shem	Sun Dec 06 15:24:09 +0000 2020	[]	0	0	https://twitter.com/Shem/status/1335605960027598849
	It didn‚Äôt need to be that bad.	RepsForBiden	Sun Dec 06 13:23:15 +0000 2020	[]	0	0	https://twitter.com/RepsForBiden/status/1335575532898045953
	This is bad ass.....	underhil4517	Sun Dec 06 12:43:51 +0000 2020	[]	0	0	https://twitter.com/underhil4517/status/1335565619224178689
	miss him so bad üò≠üíî	hansollieee	Sun Dec 06 12:09:33 +0000 2020	[]	0	0	https://twitter.com/hansollieee/status/1335556986994188290
	This is bad, and WA's covid approach is bad. It's dangerous and unnecessary.	johnb78	Sun Dec 06 12:12:53 +0000 2020	[]	0	0	https://twitter.com/johnb78/status/1335557825418854402
	‚Å¶@RSBNetwork‚Å© big news.  Bad science bad politics bad for humanity.  Bill Gates to sterilize world with Covid vaccine https://t.co/JEfWyzpkIR	yomammabubba	Sun Dec 06 13:55:52 +0000 2020	[]	0	0	https://twitter.com/yomammabubba/status/1335583742308589570
	‚Å¶@OANN‚Å© ‚Å¶@ChanelRion‚Å© here is story to get out there.  Bill Gates to sterilize the world with COVID vaccine.  Bad science Bad science; bad for humanity https://t.co/JEfWyzpkIR	yomammabubba	Sun Dec 06 13:50:59 +0000 2020	[]	0	0	https://twitter.com/yomammabubba/status/1335582514228981760
	"Remember when Trump and #teamMAGA tried to say, ""look at Sweden?"" It was bad then, and it's bad now."	AThebends	Sun Dec 06 14:40:22 +0000 2020	['teamMAGA']	0	0	https://twitter.com/AThebends/status/1335594938738872321
	Covid is so bad, right? https://t.co/bOIhmuA2IJ	EnragedMango	Sun Dec 06 14:38:21 +0000 2020	[]	0	0	https://twitter.com/EnragedMango/status/1335594434323492866
	Too bad. Shoulda forfeited	EddieCheeba	Sun Dec 06 15:22:12 +0000 2020	[]	0	0	https://twitter.com/EddieCheeba/status/1335605468304125953
	No there‚Äôs too much bad ingredients in them	karenbe79623800	Sun Dec 06 15:20:09 +0000 2020	[]	0	0	https://twitter.com/karenbe79623800/status/1335604950559305728
	Wise, bad cat...	InspiredThis	Sun Dec 06 14:53:43 +0000 2020	[]	0	0	https://twitter.com/InspiredThis/status/1335598298548367361
	what y‚Äôall need in harrods so bad üò≠üò≠üò≠üò≠üò≠üò≠	campbeeell	Sun Dec 06 14:47:46 +0000 2020	[]	0	0	https://twitter.com/campbeeell/status/1335596803442536452
	He was done bad by it he'll be back	YeaJustChris	Sun Dec 06 14:47:34 +0000 2020	[]	0	0	https://twitter.com/YeaJustChris/status/1335596753916194823
	Too bad she didn't speak this forcefully before now	tvickBREDL	Sun Dec 06 14:28:02 +0000 2020	[]	0	0	https://twitter.com/tvickBREDL/status/1335591834983206914
	i feel bad for my boysüò≠	bamcial	Sun Dec 06 13:50:51 +0000 2020	[]	0	0	https://twitter.com/bamcial/status/1335582480624021505
	
Social distancing affects american people
	Those who it is not affecting is the answer to that.	Vdubdocflat4	Sun Dec 06 12:43:04 +0000 2020	[]	0	0	https://twitter.com/Vdubdocflat4/status/1335565420015869953
	social distancing	smaaaaa_	Sun Dec 06 15:33:56 +0000 2020	[]	0	0	https://twitter.com/smaaaaa_/status/1335608420137918467
	Social distancing.	BryanTesoro3	Sun Dec 06 15:32:35 +0000 2020	[]	0	0	https://twitter.com/BryanTesoro3/status/1335608080780775425
	Social distancing! https://t.co/YJEjWSTymG	rainkmyul	Sun Dec 06 15:32:35 +0000 2020	[]	0	0	https://twitter.com/rainkmyul/status/1335608079056949250
	social distancing üôÇüëçüèª https://t.co/3khrkQWYfI	summerboy88	Sun Dec 06 15:29:48 +0000 2020	[]	0	0	https://twitter.com/summerboy88/status/1335607380558532609
	Social Distancing	GiaMeyers1	Sun Dec 06 15:29:29 +0000 2020	[]	0	0	https://twitter.com/GiaMeyers1/status/1335607300959002624
	Social distancing üôÇ https://t.co/In7m6PEQGZ	hoshyy_	Sun Dec 06 15:24:18 +0000 2020	[]	0	0	https://twitter.com/hoshyy_/status/1335605997746831361
	SOCIAL DISTANCING	FudgeeMallows	Sun Dec 06 15:22:25 +0000 2020	[]	0	0	https://twitter.com/FudgeeMallows/status/1335605521471029253
	Social distancing	trufflepasta__	Sun Dec 06 15:07:41 +0000 2020	[]	0	0	https://twitter.com/trufflepasta__/status/1335601812758355969
	he's social distancing	demonmyeon	Sun Dec 06 14:53:36 +0000 2020	[]	0	0	https://twitter.com/demonmyeon/status/1335598269578190849
	Social distancing	_btsundoku	Sun Dec 06 14:44:07 +0000 2020	[]	0	0	https://twitter.com/_btsundoku/status/1335595884944375808
	social distancing	jalbwaddaeng_	Sun Dec 06 14:39:39 +0000 2020	[]	0	0	https://twitter.com/jalbwaddaeng_/status/1335594760849899520
	The aren't social distancing üò§	ella_rati	Sun Dec 06 14:31:28 +0000 2020	[]	0	0	https://twitter.com/ella_rati/status/1335592700737953793
	SOCIAL DISTANCING !!!!	sugafreecooky	Sun Dec 06 14:30:50 +0000 2020	[]	0	0	https://twitter.com/sugafreecooky/status/1335592542419603456
	social distancing y'all	offeredsilence	Sun Dec 06 14:21:48 +0000 2020	[]	0	0	https://twitter.com/offeredsilence/status/1335590265801723904
	social distancingüò≠	igotchester	Sun Dec 06 14:21:21 +0000 2020	[]	0	0	https://twitter.com/igotchester/status/1335590153339822091
	And not socially distancing.	Asher_Wolf	Sun Dec 06 14:17:55 +0000 2020	[]	0	0	https://twitter.com/Asher_Wolf/status/1335589288327581698
	social distancing	alxrjzrl	Sun Dec 06 14:04:34 +0000 2020	[]	0	0	https://twitter.com/alxrjzrl/status/1335585929461866497
	This is not social distancing ü•¥	thatsbirdd	Sun Dec 06 13:58:54 +0000 2020	[]	0	0	https://twitter.com/thatsbirdd/status/1335584502685511682
	"because social distancing:
https://t.co/9yxHxaDDCe"	BPWRYL	Sun Dec 06 13:50:13 +0000 2020	[]	0	0	https://twitter.com/BPWRYL/status/1335582321156603908
	
Trump lies about covid
	they didn‚Äôt lie	sideruin	Sun Dec 06 15:23:52 +0000 2020	[]	0	0	https://twitter.com/sideruin/status/1335605888602820610
	the lies the lies	Tareks15	Sun Dec 06 15:18:03 +0000 2020	[]	0	0	https://twitter.com/Tareks15/status/1335604422861271043
	they all lied.	PinchandScrimp	Sun Dec 06 15:07:06 +0000 2020	[]	0	0	https://twitter.com/PinchandScrimp/status/1335601666909933569
	üòÇ where is the lie...	LaQunya	Sun Dec 06 14:49:33 +0000 2020	[]	0	0	https://twitter.com/LaQunya/status/1335597249422737408
	You're lying	john2125_machr	Sun Dec 06 14:45:49 +0000 2020	[]	0	0	https://twitter.com/john2125_machr/status/1335596312633487360
	Where's the lie? üëÄ	murderandmeds	Sun Dec 06 13:56:55 +0000 2020	[]	0	0	https://twitter.com/murderandmeds/status/1335584004230291457
	Where's the lie?	wizzleredz	Sun Dec 06 13:41:09 +0000 2020	[]	0	0	https://twitter.com/wizzleredz/status/1335580035919568898
	WHERE IS THE LIE.	BAREBONESFOTOES	Sun Dec 06 12:44:50 +0000 2020	[]	0	0	https://twitter.com/BAREBONESFOTOES/status/1335565863064363008
	Where's the lie?	GregoryBoettner	Sun Dec 06 12:41:27 +0000 2020	[]	0	0	https://twitter.com/GregoryBoettner/status/1335565012962865152
	Where is the lie????	slaniece2001	Sun Dec 06 12:32:28 +0000 2020	[]	0	0	https://twitter.com/slaniece2001/status/1335562753810042880
	Lies. Lies. And More, you guessed it, Lies.	ArsonRenllaw	Sun Dec 06 14:18:50 +0000 2020	[]	0	0	https://twitter.com/ArsonRenllaw/status/1335589519555506177
	As usual, lies, lies and more lies!	mimiloves2	Sun Dec 06 14:02:38 +0000 2020	[]	0	0	https://twitter.com/mimiloves2/status/1335585445476847619
	@wef Lies lies lies lies the covid Plandemic hoax	kooter4469	Sun Dec 06 15:25:54 +0000 2020	[]	0	0	https://twitter.com/kooter4469/status/1335606399632478210
	@rtenews Lies, lies and more lies. Covid me bollicks.	TeaBag46924385	Sun Dec 06 12:30:19 +0000 2020	[]	0	0	https://twitter.com/TeaBag46924385/status/1335562212879069186
	As usual, Trump lies.	johnrobinson	Sun Dec 06 14:06:08 +0000 2020	[]	0	0	https://twitter.com/johnrobinson/status/1335586323277762565
	"@bumper_bowling @northyorkcondo @Boo15733919 @JustinTrudeau Your ‚Äúgreat‚Äù leader Trudeau is a fraud and a complete moron.

He lied about Groping.
He lied about Elbowing.
He lied about SNC.
He lied about India.
He lied about JWR.
He lied about Norman.
He lied about WE.
He raised and will again raise taxes during a pandemic.

I could go on."	mikemoore0057	Sun Dec 06 15:25:11 +0000 2020	[]	0	0	https://twitter.com/mikemoore0057/status/1335606217637445632
	Trump lied. Anyone surprised? https://t.co/OxYNWZi14r	Mollie_Resiztz	Sun Dec 06 15:13:15 +0000 2020	[]	0	0	https://twitter.com/Mollie_Resiztz/status/1335603215816155136
	Lying on Sunday.	SteveHellem7	Sun Dec 06 15:20:22 +0000 2020	[]	0	0	https://twitter.com/SteveHellem7/status/1335605006599417864
	Where the lie at? Lol	GabrielQuinne16	Sun Dec 06 15:07:26 +0000 2020	[]	0	0	https://twitter.com/GabrielQuinne16/status/1335601753295818755
	I see no lies hereüëáüëáüëá	PoppaPeko	Sun Dec 06 15:00:17 +0000 2020	[]	0	0	https://twitter.com/PoppaPeko/status/1335599951208980480
	
Coronavirus cases increase every day
	Why are the COVID-19 cases increasing üôÑüòè	VatilifaSarah	Sun Dec 06 12:43:35 +0000 2020	[]	0	0	https://twitter.com/VatilifaSarah/status/1335565551654080512
	More &amp; more cases every day	jb4demusa	Sun Dec 06 14:59:57 +0000 2020	[]	0	0	https://twitter.com/jb4demusa/status/1335599868425850887
	Me, every day:	heatherly_may	Sun Dec 06 13:40:02 +0000 2020	[]	0	0	https://twitter.com/heatherly_may/status/1335579755010170882
	I do that every day	WaterDean	Sun Dec 06 12:40:51 +0000 2020	[]	0	0	https://twitter.com/WaterDean/status/1335564864694202372
	That is why covid-19 cases are increasing day by day (in spite of closing the schools)	Muhamma39738866	Sun Dec 06 15:21:10 +0000 2020	[]	0	0	https://twitter.com/Muhamma39738866/status/1335605208550957060
	"Trump is holding #COVIDRallies while coronavirus cases in the U.S. have increased by 1,000,000 over the last 5 days.

#DiaperDon"	doreen6399	Sun Dec 06 15:22:42 +0000 2020	['COVIDRallies']	0	0	https://twitter.com/doreen6399/status/1335605595290865666
	"We are seeing an increase in the number of COVID-19 cases in several areas in Ceredigion.  The current rate in Ceredigion is 159.6 per 100,000 population (as of 1pm, 5 December 2020), which shows that the rate is increasing every day.
https://t.co/DwAMiEYoXB https://t.co/mwOANi53TJ"	CeredigionCC	Sun Dec 06 14:45:13 +0000 2020	[]	0	0	https://twitter.com/CeredigionCC/status/1335596161642754054
	Virginia breaks record set Saturday for highest COVID-19 case increase with 3,880 reported; Hampton Roads makes up 16% of increase https://t.co/HWbZ5wG7Sv https://t.co/pPl1yOA7kh	WTKR3	Sun Dec 06 15:15:07 +0000 2020	[]	0	0	https://twitter.com/WTKR3/status/1335603686337359872
	Ontario reporting 127309 cases of COVID-19 today, an increase of 1924 or 1.53%. 15547 total active cases today, a change of +335 or +2.15%. 3772 deaths, an increase of 15. 59251 tests completed yesterday, with 47850 pending. https://t.co/X5hyMeBgRk https://t.co/0Vfqpr43Of	jm_mcgrath	Sun Dec 06 15:31:54 +0000 2020	[]	0	0	https://twitter.com/jm_mcgrath/status/1335607906897711106
	@ANINewsUP A shit coronavirus going to increase	Coronavirus010	Sun Dec 06 13:09:31 +0000 2020	[]	0	0	https://twitter.com/Coronavirus010/status/1335572078754365452
	Dr. Birx EVERY State needs to increase their mitigation #coronavirus #COVID-19 #MTP #meetthepress	SVSMIA	Sun Dec 06 15:13:39 +0000 2020	['coronavirus', 'COVID', 'MTP', 'meetthepress']	0	0	https://twitter.com/SVSMIA/status/1335603314931666949
	Because of 631 cases in a day	Squirrelspearls	Sun Dec 06 14:03:49 +0000 2020	[]	0	0	https://twitter.com/Squirrelspearls/status/1335585740483252227
	200,000 cases a day...	professorsan	Sun Dec 06 13:47:24 +0000 2020	[]	0	0	https://twitter.com/professorsan/status/1335581611627311110
	Every day at my house	ItalianDoll_1	Sun Dec 06 14:16:34 +0000 2020	[]	0	0	https://twitter.com/ItalianDoll_1/status/1335588949121753089
	Every single day.	bim_pure	Sun Dec 06 13:38:45 +0000 2020	[]	0	0	https://twitter.com/bim_pure/status/1335579432426336258
	"#Pakistan #Islamabad #Coronavirus

In view of the increasing number of corona cases in Pakistan, hospitals there are reaching their capacity limits.  ""We are in a critical situation that is getting worse every day with new infections,"""	Xy5Z89	Sun Dec 06 13:24:18 +0000 2020	['Pakistan', 'Islamabad', 'Coronavirus']	0	0	https://twitter.com/Xy5Z89/status/1335575798351355905
	Russia reports 29,039 new coronavirus cases, the biggest one-day increase on record, and 457 new deaths.	CoronaTurkeyEN	Sun Dec 06 15:25:44 +0000 2020	[]	0	0	https://twitter.com/CoronaTurkeyEN/status/1335606356989054976
	Russia reports 29,039 new coronavirus cases, the biggest one-day increase on record, and 457 new deaths	BNODesk	Sun Dec 06 15:08:25 +0000 2020	[]	0	0	https://twitter.com/BNODesk/status/1335601997991579650
	"There has been decrease in the number of coronavirus cases in the last few days in Delhi and the city‚Äôs capacity of conducting RT-PCR tests has significantly increased
https://t.co/QovvBfWHP5"	the_hindu	Sun Dec 06 15:20:03 +0000 2020	[]	0	0	https://twitter.com/the_hindu/status/1335604926823673856
	"CORONAVIRUS UPDATE: The state-reported 3,880 new cases of the COVID-19 this morning ‚Äî this is the largest daily increase of new cases since the pandemic began. 
Henrico also reported its biggest daily increase so far with 150 new cases. https://t.co/46FtD3wY8s"	8NEWS	Sun Dec 06 15:12:50 +0000 2020	[]	0	0	https://twitter.com/8NEWS/status/1335603109964488705
	
